signal_date,symbol,side,cbt,entry,stoploss,target,status,exit_date,exit_price,max_profit_pct,max_drawdown_pct,days_held,pnl_pct,last_price,last_date
2026-09-03,GOODLUCK,sell,468.53,473.8676198447218,501.06,442.96,SL Hit,2026-09-08,501.06,1.87,11.59,5,-5.74,501.06,2026-09-08
2026-09-03,INDOCO,sell,272.32,273.1235145112311,300.16,228.1,Open,,,16.16,3.8,22,,254.46,2026-09-25
2026-09-03,INNOVACAP,sell,1125.4,1134.0,1202.39,1035.64,SL Hit,2026-09-15,1202.39,2.83,9.0,12,-6.03,1202.39,2026-09-15
2026-09-04,CONFIPET,sell,82.38,84.60236820596354,92.43,74.88,SL Hit,2026-09-18,92.43,3.08,9.47,14,-9.25,92.43,2026-09-18
2026-09-07,ALPHAGEO,sell,319.51,319.9502832855063,345.45,286.1,TP Hit,2026-09-16,286.1,10.7,3.77,9,10.58,286.1,2026-09-16
2026-09-07,GRAVITA,buy,1676.9,1661.6,1562.99,1797.62,SL Hit,2026-09-21,1562.99,3.76,6.59,14,-5.93,1562.99,2026-09-21
2026-09-07,GUJAPOLLO,sell,343.23,360.28005041991776,379.03,339.42,TP Hit,2026-09-07,339.42,5.98,0.85,0,5.79,339.42,2026-09-07
2026-09-07,KAVDEFENCE,sell,66.51,70.05000305175781,76.41,56.32,SL Hit,2026-09-15,76.41,12.92,14.2,8,-9.08,76.41,2026-09-15
2026-09-07,MARSONS,sell,128.83,139.39999389648438,151.81,124.15,TP Hit,2026-09-11,124.15,12.15,3.5,4,10.94,124.15,2026-09-11
2026-09-07,UTTAMSUGAR,buy,281.49,280.94,255.1,322.09,SL Hit,2026-09-16,255.1,4.65,13.11,9,-9.2,255.1,2026-09-16
2026-09-08,GENUSPAPER,sell,12.86,13.479999542236328,14.92,11.46,TP Hit,2026-09-15,11.46,16.54,2.3,7,14.99,11.46,2026-09-15
2026-09-08,IONEXCHANG,sell,431.75,436.0,469.72,382.43,Open,,,4.86,5.73,17,,420.15,2026-09-25
2026-09-08,JKPAPER,sell,415.3,420.04998779296875,443.37,384.77,Open,,,5.54,5.23,17,,408.45,2026-09-25
2026-09-08,TATATECH,buy,798.5,785.0,750.14,856.89,SL Hit,2026-09-16,750.14,2.37,5.1,8,-4.44,750.14,2026-09-16
2026-09-09,ALLCARGO,sell,12.75,13.199999809265137,14.04,11.95,TP Hit,2026-09-15,11.95,13.79,0.76,6,9.47,11.95,2026-09-15
2026-09-09,PARAS,sell,1470.0,1510.800048828125,1630.78,1394.82,TP Hit,2026-09-15,1394.82,13.56,2.42,6,7.68,1394.82,2026-09-15
2026-09-09,RAYMONDLSL,sell,670.45,720.0,762.5,657.4,TP Hit,2026-09-17,657.4,9.01,1.67,8,8.69,657.4,2026-09-17
2026-09-09,RAYMONDREL,sell,580.65,586.0,623.48,522.75,SL Hit,2026-09-23,623.48,4.25,15.87,14,-6.4,623.48,2026-09-23
2026-09-09,ROSSTECH,sell,1193.43,1219.7288969289657,1293.22,1084.62,SL Hit,2026-09-15,1293.22,3.49,7.25,6,-6.03,1293.22,2026-09-15
2026-09-09,RPGLIFE,sell,2812.0,2848.0,3074.72,2626.79,SL Hit,2026-09-25,3074.72,7.64,9.82,16,-7.96,3074.72,2026-09-25
2026-09-10,AXISCADES,sell,1869.7,1876.0,2009.08,1741.72,TP Hit,2026-09-15,1741.72,9.39,2.35,5,7.16,1741.72,2026-09-15
2026-09-10,MANAPPURAM,buy,330.8,319.4,301.14,344.31,Open,,,4.92,2.94,15,,334.0,2026-09-25
2026-09-10,MUKKA,buy,30.57,30.35,26.5,31.73,TP Hit,2026-09-11,31.73,8.73,5.9,1,4.55,31.73,2026-09-11
2026-09-10,SUPERHOUSE,sell,171.67,183.0,198.05,158.48,Open,,,12.51,2.02,15,,164.71,2026-09-25
2026-09-11,NAHARSPING,buy,273.1,267.0,253.75,317.59,Open,,,6.54,4.49,14,,269.95,2026-09-25
2026-09-11,NOCIL,sell,189.65,193.5,207.18,183.31,TP Hit,2026-09-15,183.31,5.87,0.41,4,5.27,183.31,2026-09-15
2026-09-11,POLYPLEX,buy,1134.2,1116.0,1068.1,1204.07,SL Hit,2026-09-16,1068.1,3.04,5.5,5,-4.29,1068.1,2026-09-16
2026-09-11,VPRPL,sell,36.17,36.400001525878906,41.43,34.29,TP Hit,2026-09-15,34.29,15.49,1.65,4,5.8,34.29,2026-09-15
2026-09-14,NAHARSPING,buy,273.1,267.0,253.75,317.59,Open,,,6.54,4.49,11,,269.95,2026-09-25
2026-09-16,BALKRISIND,buy,2124.9,2124.5,2038.69,2430.97,Open,,,8.07,1.15,9,,2185.3,2026-09-25
2026-09-16,CGCL,buy,256.65,255.0,237.84,276.31,TP Hit,2026-09-23,276.31,8.47,2.49,7,8.36,276.31,2026-09-23
2026-09-16,DIGITIDE,buy,86.25,85.0,78.58,113.9,SL Hit,2026-09-25,78.58,3.62,9.69,9,-7.55,78.58,2026-09-25
2026-09-16,GHCLTEXTIL,buy,121.68,119.0,111.24,139.52,TP Hit,2026-09-25,139.52,18.46,1.66,9,17.24,139.52,2026-09-25
2026-09-16,HINDOILEXP,buy,180.44,175.5,162.43,193.26,Open,,,5.13,3.13,9,,173.38,2026-09-25
2026-09-16,HSCL,buy,652.8,640.0,610.53,776.78,Open,,,8.25,0.58,9,,678.75,2026-09-25
2026-09-16,IOLCP,buy,194.57,182.0,161.78,210.94,TP Hit,2026-09-23,210.94,16.13,4.64,7,15.9,210.94,2026-09-23
2026-09-16,KOTHARIPET,buy,133.03,131.81,122.35,145.62,Open,,,5.45,1.36,9,,133.52,2026-09-25
2026-09-16,LMW,buy,17617.0,17180.0,16153.88,19430.96,Open,,,7.74,2.21,9,,17133.0,2026-09-25
2026-09-16,MARKOLINES,buy,170.59,163.36,153.42,177.63,Open,,,6.72,2.34,9,,169.78,2026-09-25
2026-09-16,NUVOCO,buy,316.2,312.2,297.97,344.3,TP Hit,2026-09-23,344.3,11.71,1.36,7,10.28,344.3,2026-09-23
2026-09-16,PICCADIL,buy,592.06,583.03,548.57,650.53,Open,,,7.78,1.89,9,,613.0,2026-09-25
2026-09-16,SONATSOFTW,sell,276.9,287.95001220703125,304.35,265.52,Open,,,5.96,0.36,9,,279.9,2026-09-25
2026-09-16,SUNTECK,buy,279.65,275.97,262.85,313.67,Open,,,7.98,1.44,9,,283.0,2026-09-25
2026-09-17,APOLLOPIPE,buy,525.85,509.9,473.8,582.39,Open,,,9.24,1.3,8,,511.45,2026-09-25
2026-09-17,ASHOKLEY,buy,158.62,156.89,150.62,170.41,Open,,,4.66,0.52,8,,159.08,2026-09-25
2026-09-17,BALUFORGE,buy,501.45,483.86,443.68,525.81,TP Hit,2026-09-21,525.81,9.43,1.35,4,8.67,525.81,2026-09-21
2026-09-17,EMAMIPAP,buy,111.97,111.56,102.7,118.47,Open,,,5.68,4.64,8,,111.87,2026-09-25
2026-09-17,GALLANTT,buy,535.73,528.06,500.08,581.97,Open,,,10.11,1.34,8,,545.1,2026-09-25
2026-09-17,KABRAEXTRU,buy,632.75,628.05,547.04,692.25,TP Hit,2026-09-23,692.25,16.69,0.72,6,10.22,692.25,2026-09-23
2026-09-17,KRISHNADEF,buy,1010.3,1001.1,931.5,1095.1,Open,,,7.3,0.61,8,,1006.8,2026-09-25
2026-09-17,MANORAMA,buy,1939.1,1907.1,1802.56,2075.85,Open,,,4.03,2.47,8,,1872.8,2026-09-25
2026-09-17,NETWEB,buy,4578.5,4563.0,4172.94,4769.31,TP Hit,2026-09-22,4769.31,5.96,1.73,5,4.52,4769.31,2026-09-22
2026-09-17,SIEMENS,buy,3763.5,3743.1,3587.96,3957.88,Open,,,5.64,0.03,8,,3877.0,2026-09-25
2026-09-17,SIRCA,buy,406.55,402.95,386.54,437.22,Open,,,5.36,1.35,8,,410.3,2026-09-25
2026-09-17,SKIPPER,buy,532.55,515.0,489.08,594.81,Open,,,12.62,0.39,8,,551.15,2026-09-25
2026-09-17,TMCV,buy,436.1,424.25,403.09,444.31,TP Hit,2026-09-18,444.31,4.89,0.58,1,4.73,444.31,2026-09-18
2026-09-17,VISL,buy,31.82,31.24,28.76,35.41,Open,,,9.64,2.78,8,,32.78,2026-09-25
2026-09-18,ICICIPRULI,sell,492.0,494.0,515.44,468.13,TP Hit,2026-09-24,468.13,9.85,1.51,6,5.24,468.13,2026-09-24
2026-09-21,IBULLSLTD,sell,29.09,30.850000381469727,32.86,27.63,Open,,,8.85,1.88,4,,29.83,2026-09-25
2026-09-22,ASIANTILES,sell,50.09,51.2599983215332,54.11,47.42,Open,,,3.78,1.87,3,,50.69,2026-09-25
2026-09-22,DELTACORP,sell,61.77,61.9900016784668,66.23,57.18,SL Hit,2026-09-23,66.23,1.56,11.31,1,-6.84,66.23,2026-09-23
2026-09-24,ATHERENERG,buy,1499.0,1489.0,1418.41,1672.94,Open,,,2.38,0.54,1,,1497.0,2026-09-25
2026-09-24,RUSTOMJEE,sell,364.0,365.75,383.39,343.66,Open,,,2.88,1.95,1,,366.5,2026-09-25
2026-09-24,VBL,sell,431.25,432.1499938964844,448.1,411.65,Open,,,0.89,1.09,1,,434.8,2026-09-25
2026-09-25,MBEL,sell,257.7,265.8999938964844,280.23,255.86,TP Hit,2026-09-25,255.86,3.95,0.51,0,3.78,255.86,2026-09-25
2026-09-25,NGLFINE,sell,2906.1,2975.5,3130.53,2628.89,Open,,,4.41,0.15,0,,2906.1001,2026-09-25
2026-09-25,RBA,buy,92.51,90.65,85.81,104.25,Open,,,3.25,1.14,0,,92.51,2026-09-25
